date,P1Name,P2Name,P1WinProb,P2WinProb,P1Hand,P2Hand,Gender
2022-01-04,Thanasi Kokkinakis,John Millman,0.48150499999999996,0.518495,RH,RH,M
2022-01-05,Thanasi Kokkinakis,Francis Tiafoe,0.48150499999999996,0.518495,RH,RH,M
2022-01-08,Gael Monfils,Thanasi Kokkinakis,0.472965,0.5270349999999999,RH,RH,M
2022-01-04,Facundo Bagnis,Andy Murray,0.359995,0.6400049999999999,LH,RH,M
2022-01-05,Ricardas Berankis,Marcos Giron,0.49609499999999995,0.503905,RH,RH,M
2022-01-06,Grigor Dimitrov,Facundo Bagnis,0.5353600000000001,0.46463999999999994,RH,LH,M
2022-01-06,Rafael Nadal,Ricardas Berankis,0.53991,0.46009,LH,RH,M
2022-01-11,Thanasi Kokkinakis,Benoit Paire,0.48150499999999996,0.518495,RH,RH,M
2022-01-12,Thanasi Kokkinakis,John Isner,0.48150499999999996,0.518495,RH,RH,M
2022-01-14,Thanasi Kokkinakis,Marin Cilic,0.48150499999999996,0.518495,RH,RH,M
2022-01-12,David Goffin,Denis Kudla,0.53061,0.46939,RH,RH,M
2022-01-12,Andy Murray,Nikoloz Basilashvili,0.474125,0.525875,RH,RH,M
2022-01-13,Andy Murray,David Goffin,0.474125,0.525875,RH,RH,M
2022-01-17,Dusan Lajovic,Marton Fucsovics,0.265395,0.734605,RH,RH,M
2022-01-17,Cristian Garin,Facundo Bagnis,0.598075,0.401925,RH,LH,M
2022-01-17,Rafael Nadal,Marcos Giron,0.550965,0.44903499999999996,LH,RH,M
2022-01-17,John Millman,Feliciano Lopez,0.6120950000000001,0.38790499999999994,RH,LH,M
2022-01-18,Diego Schwartzman,Filip Krajinovic,0.49438,0.50562,RH,RH,M
2022-01-18,Ricardas Berankis,Roberto Carballes Baena,0.49609499999999995,0.503905,RH,RH,M
2022-01-18,Andy Murray,Nikoloz Basilashvili,0.465215,0.5347850000000001,RH,RH,M
2022-01-18,Pablo Andujar,Damir Dzumhur,0.25282,0.74718,RH,RH,M
2022-01-19,Alexander Zverev,John Millman,0.548385,0.451615,RH,RH,M
2022-01-20,Marin Cilic,Norbert Gombos,0.50971,0.49029,RH,RH,M
2022-01-20,Andrey Rublev,Ricardas Berankis,0.52814,0.47185999999999995,RH,RH,M
2022-01-20,Roberto Bautista Agut,Philipp Kohlschreiber,0.48807500000000004,0.511925,RH,RH,M
2022-01-20,Benoit Paire,Grigor Dimitrov,0.425945,0.574055,RH,RH,M
2022-01-21,Gael Monfils,Cristian Garin,0.49706,0.5029399999999999,RH,RH,M
2022-01-21,Alexander Zverev,Radu Albot,0.548385,0.451615,RH,RH,M
2022-01-22,Marin Cilic,Andrey Rublev,0.50971,0.49029,RH,RH,M
2022-01-23,Rafael Nadal,Adrian Mannarino,0.73497,0.26503,LH,LH,M
2022-02-01,Gilles Simon,Lucas Pouille,0.45724,0.54276,RH,RH,M
2022-02-02,Roberto Bautista Agut,Gilles Simon,0.48807500000000004,0.511925,RH,RH,M
2022-02-03,Damir Dzumhur,Nikoloz Basilashvili,0.46712,0.53288,RH,RH,M
2022-02-03,Adrian Mannarino,David Goffin,0.495255,0.504745,LH,RH,M
2022-02-04,Filip Krajinovic,Damir Dzumhur,0.44925499999999996,0.550745,RH,RH,M
2022-02-04,Alexander Zverev,Adrian Mannarino,0.55131,0.44869000000000003,RH,LH,M
2022-02-07,Dusan Lajovic,Benoit Paire,0.265395,0.734605,RH,RH,M
2022-02-10,Federico Delbonis,Pablo Andujar,0.545955,0.45404500000000003,LH,RH,M
2022-02-11,Federico Delbonis,Fabio Fognini,0.545955,0.45404500000000003,LH,RH,M
2022-02-07,Kevin Anderson,Sam Querrey,0.503835,0.49616499999999997,RH,RH,M
2022-02-08,Marcos Giron,Tennys Sandgren,0.39653,0.60347,RH,RH,M
2022-02-09,Yoshihito Nishioka,Mitchell Krueger,0.44337,0.55663,LH,RH,M
2022-02-09,Adrian Mannarino,Steve Johnson,0.518025,0.48197500000000004,LH,RH,M
2022-02-10,John Isner,Kevin Anderson,0.532,0.46799999999999997,RH,RH,M
2022-02-12,John Isner,Vasek Pospisil,0.532,0.46799999999999997,RH,RH,M
2022-02-09,Marton Fucsovics,Filip Krajinovic,0.535805,0.464195,RH,RH,M
2022-02-11,Andrey Rublev,Marton Fucsovics,0.629215,0.37078500000000003,RH,RH,M
2022-02-14,Andreas Seppi,Peter Gojowczyk,0.364545,0.635455,RH,RH,M
2022-02-15,Steve Johnson,Kevin Anderson,0.20642,0.79358,RH,RH,M
2022-02-15,Denis Istomin,Sam Querrey,0.45157499999999995,0.548425,RH,RH,M
2022-02-15,Marcos Giron,Tennys Sandgren,0.422815,0.5771850000000001,RH,RH,M
2022-02-16,Stefan Kozlov,Steve Johnson,0.91073,0.08926999999999996,RH,RH,M
2022-02-17,John Millman,Marcos Giron,0.533945,0.466055,RH,RH,M
2022-02-18,Grigor Dimitrov,Mitchell Krueger,0.52259,0.47741,RH,RH,M
2022-02-19,John Millman,Grigor Dimitrov,0.533945,0.466055,RH,RH,M
2022-02-15,Elias Ymer,Joao Sousa,0.39673,0.60327,RH,RH,M
2022-02-15,Andy Murray,Taro Daniel,0.465215,0.5347850000000001,RH,RH,M
2022-02-16,Nikoloz Basilashvili,Elias Ymer,0.566135,0.43386499999999995,RH,RH,M
2022-02-16,Roberto Bautista Agut,Andy Murray,0.49163,0.50837,RH,RH,M
2022-02-17,Nikoloz Basilashvili,Marton Fucsovics,0.566135,0.43386499999999995,RH,RH,M
2022-02-19,Roberto Bautista Agut,Nikoloz Basilashvili,0.33226,0.66774,RH,RH,M
2022-02-16,Andrey Rublev,Richard Gasquet,0.531625,0.468375,RH,RH,M
2022-02-17,Lucas Pouille,Radu Albot,0.28818,0.71182,RH,RH,M
2022-02-18,Andrey Rublev,Lucas Pouille,0.531625,0.468375,RH,RH,M
2022-02-14,Pablo Andujar,Pablo Cuevas,0.25282,0.74718,RH,RH,M
2022-02-16,Fabio Fognini,Pablo Carreno Busta,0.350845,0.6491549999999999,RH,RH,M
2022-02-19,Diego Schwartzman,Pablo Andujar,0.48857500000000004,0.511425,RH,RH,M
2022-02-22,Stefan Kozlov,Grigor Dimitrov,0.91073,0.08926999999999996,RH,RH,M
2022-02-23,Marcos Giron,John Millman,0.422815,0.5771850000000001,RH,RH,M
2022-02-23,Rafael Nadal,Denis Kudla,0.5280450000000001,0.4719549999999999,LH,RH,M
2022-02-24,Marcos Giron,Pablo Carreno Busta,0.422815,0.5771850000000001,RH,RH,M
2022-02-24,Rafael Nadal,Stefan Kozlov,0.5280450000000001,0.4719549999999999,LH,RH,M
2022-02-24,Peter Gojowczyk,Alexander Zverev,0.29063,0.7093700000000001,RH,RH,M
2022-02-21,Filip Krajinovic,Malek Jaziri,0.4195,0.5805,RH,RH,M
2022-02-26,Andrey Rublev,Jiri Vesely,0.594735,0.405265,RH,LH,M
2022-03-10,Fabio Fognini,Pablo Andujar,0.37588,0.62412,RH,RH,M
2022-03-10,Filip Krajinovic,Dusan Lajovic,0.4195,0.5805,RH,RH,M
2022-03-11,Andy Murray,Taro Daniel,0.465215,0.5347850000000001,RH,RH,M
2022-03-12,Gael Monfils,Filip Krajinovic,0.50274,0.49726000000000004,RH,RH,M
2022-03-13,Nikoloz Basilashvili,Fabio Fognini,0.52551,0.47448999999999997,RH,RH,M
2022-03-13,Nick Kyrgios,Federico Delbonis,0.53516,0.46484000000000003,RH,LH,M
2022-03-13,John Isner,Sam Querrey,0.5216350000000001,0.47836499999999993,RH,RH,M
2022-03-15,John Isner,Diego Schwartzman,0.52335,0.47665,RH,RH,M
2022-03-16,Andrey Rublev,Francis Tiafoe,0.532985,0.46701499999999996,RH,RH,M
2022-03-16,Grigor Dimitrov,John Isner,0.517575,0.482425,RH,RH,M
2022-03-17,Rafael Nadal,Nick Kyrgios,0.520025,0.47997500000000004,LH,RH,M
2022-03-18,Andrey Rublev,Grigor Dimitrov,0.539885,0.46011500000000005,RH,RH,M
2022-03-23,David Goffin,Roberto Carballes Baena,0.419015,0.580985,RH,RH,M
2022-03-24,Nick Kyrgios,Adrian Mannarino,0.5852200000000001,0.4147799999999999,RH,LH,M
2022-03-24,Thanasi Kokkinakis,Richard Gasquet,0.524535,0.475465,RH,RH,M
2022-03-24,Marton Fucsovics,Marcos Giron,0.518285,0.481715,RH,RH,M
2022-03-24,Andy Murray,Federico Delbonis,0.33459,0.6654100000000001,RH,LH,M
2022-03-25,Fabio Fognini,Taro Daniel,0.37588,0.62412,RH,RH,M
2022-03-25,Pablo Carreno Busta,David Goffin,0.456705,0.543295,RH,RH,M
2022-03-25,Alexander Zverev,Borna Coric,0.51935,0.48065,RH,RH,M
2022-03-25,Thanasi Kokkinakis,Diego Schwartzman,0.524535,0.475465,RH,RH,M
2022-03-25,Nick Kyrgios,Andrey Rublev,0.443165,0.556835,RH,RH,M
2022-03-27,Nick Kyrgios,Fabio Fognini,0.46648,0.53352,RH,RH,M
2022-03-28,Thanasi Kokkinakis,Denis Kudla,0.524535,0.475465,RH,RH,M
2022-03-29,Alexander Zverev,Thanasi Kokkinakis,0.538165,0.461835,RH,RH,M
2022-04-05,Steve Johnson,Denis Kudla,0.20642,0.79358,RH,RH,M
2022-04-06,Francis Tiafoe,Marcos Giron,0.35734,0.64266,RH,RH,M
2022-04-07,Francis Tiafoe,Pablo Cuevas,0.35734,0.64266,RH,RH,M
2022-04-08,John Isner,Steve Johnson,0.53309,0.46691000000000005,RH,RH,M
2022-04-09,John Isner,Francis Tiafoe,0.53309,0.46691000000000005,RH,RH,M
2022-04-09,John Isner,Cristian Garin,0.53309,0.46691000000000005,RH,RH,M
2022-04-05,Roberto Carballes Baena,Marco Cecchinato,0.40842999999999996,0.59157,RH,RH,M
2022-04-06,David Goffin,Damir Dzumhur,0.419015,0.580985,RH,RH,M
2022-04-07,David Goffin,Pablo Andujar,0.419015,0.580985,RH,RH,M
2022-04-07,Roberto Carballes Baena,Joao Sousa,0.40842999999999996,0.59157,RH,RH,M
2022-04-08,David Goffin,Roberto Carballes Baena,0.419015,0.580985,RH,RH,M
2022-04-10,Grigor Dimitrov,Nikoloz Basilashvili,0.511335,0.488665,RH,RH,M
2022-04-10,Dusan Lajovic,Filip Krajinovic,0.265395,0.734605,RH,RH,M
2022-04-12,Grigor Dimitrov,Dusan Lajovic,0.511335,0.488665,RH,RH,M
2022-04-13,Diego Schwartzman,Marton Fucsovics,0.47519500000000003,0.524805,RH,RH,M
2022-04-13,Alexander Zverev,Federico Delbonis,0.55131,0.44869000000000003,RH,LH,M
2022-04-14,Alexander Zverev,Pablo Carreno Busta,0.59227,0.40773000000000004,RH,RH,M
2022-04-24,Pablo Carreno Busta,Diego Schwartzman,0.46153,0.53847,RH,RH,M
2022-04-18,Fabio Fognini,Marco Cecchinato,0.35058500000000004,0.649415,RH,RH,M
2022-04-19,John Millman,Dominic Thiem,0.533945,0.466055,RH,RH,M
2022-04-19,Filip Krajinovic,David Goffin,0.41836,0.5816399999999999,RH,RH,M
2022-04-21,Fabio Fognini,Aljaz Bedene,0.35058500000000004,0.649415,RH,RH,M
2022-04-22,Andrey Rublev,Taro Daniel,0.533055,0.46694500000000005,RH,RH,M
2022-04-23,Andrey Rublev,Fabio Fognini,0.9111750000000001,0.08882499999999993,RH,RH,M
2022-04-24,Andrey Rublev,Novak Djokovic,0.219875,0.780125,RH,RH,M
2022-04-25,Francis Tiafoe,Dusan Lajovic,0.35734,0.64266,RH,RH,M
2022-04-26,Pablo Cuevas,Roberto Carballes Baena,0.786025,0.21397500000000003,RH,RH,M
2022-05-01,John Isner,Filip Krajinovic,0.530065,0.469935,RH,RH,M
2022-05-02,Dusan Lajovic,Borna Coric,0.265395,0.734605,RH,RH,M
2022-05-02,Nikoloz Basilashvili,Fabio Fognini,0.52551,0.47448999999999997,RH,RH,M
2022-05-02,Diego Schwartzman,Benoit Paire,0.474665,0.525335,RH,RH,M
2022-05-02,Andy Murray,Dominic Thiem,0.455955,0.544045,RH,RH,M
2022-05-03,Cristian Garin,Francis Tiafoe,0.317865,0.6821349999999999,RH,RH,M
2022-05-03,Novak Djokovic,Gael Monfils,0.57765,0.42235,RH,RH,M
2022-05-04,Alexander Zverev,Marin Cilic,0.52758,0.47241999999999995,RH,RH,M
2022-05-04,Grigor Dimitrov,Diego Schwartzman,0.528335,0.471665,RH,RH,M
2022-05-05,Novak Djokovic,Andy Murray,0.578635,0.421365,RH,RH,M
2022-05-05,Rafael Nadal,David Goffin,0.517015,0.482985,LH,RH,M
2022-05-08,Filip Krajinovic,Francis Tiafoe,0.423755,0.576245,RH,RH,M
2022-05-09,Fabio Fognini,Dominic Thiem,0.32212,0.67788,RH,RH,M
2022-05-09,Pablo Carreno Busta,Federico Delbonis,0.45786000000000004,0.54214,RH,LH,M
2022-05-10,Filip Krajinovic,Andrey Rublev,0.423755,0.576245,RH,RH,M
2022-05-11,Rafael Nadal,John Isner,0.521435,0.478565,LH,RH,M
2022-05-11,Marcos Giron,Diego Schwartzman,0.422815,0.5771850000000001,RH,RH,M
2022-05-12,Cristian Garin,Marin Cilic,0.58196,0.41803999999999997,RH,RH,M
2022-05-12,Novak Djokovic,Stan Wawrinka,0.5768800000000001,0.42311999999999994,RH,RH,M
2022-05-13,Alexander Zverev,Cristian Garin,0.5252,0.4748,RH,RH,M
2022-05-16,Federico Delbonis,Ricardas Berankis,0.47713,0.52287,LH,RH,M
2022-05-16,Richard Gasquet,John Millman,0.339755,0.660245,RH,RH,M
2022-05-16,Marco Cecchinato,Dominic Thiem,0.536835,0.46316500000000005,RH,RH,M
2022-05-17,Nikoloz Basilashvili,Facundo Bagnis,0.355495,0.644505,RH,LH,M
2022-05-17,Joao Sousa,Pablo Andujar,0.5095350000000001,0.49046499999999993,RH,RH,M
2022-05-17,Thanasi Kokkinakis,Fabio Fognini,0.524535,0.475465,RH,RH,M
2022-05-18,Joao Sousa,Nikoloz Basilashvili,0.5095350000000001,0.49046499999999993,RH,RH,M
2022-05-20,Joao Sousa,Richard Gasquet,0.5095350000000001,0.49046499999999993,RH,RH,M
2022-05-22,Grigor Dimitrov,Marcos Giron,0.543385,0.456615,RH,RH,M
2022-05-22,Jason Kubler,Denis Kudla,0.444055,0.555945,RH,RH,M
2022-05-23,Novak Djokovic,Yoshihito Nishioka,0.51955,0.48045000000000004,RH,LH,M
2022-05-24,Marco Cecchinato,Pablo Andujar,0.536835,0.46316500000000005,RH,RH,M
2022-05-24,Gilles Simon,Pablo Carreno Busta,0.372745,0.627255,RH,RH,M
2022-05-25,Grigor Dimitrov,Borna Coric,0.543385,0.456615,RH,RH,M
2022-05-26,David Goffin,Francis Tiafoe,0.419015,0.580985,RH,RH,M
2022-05-26,Marin Cilic,Marton Fucsovics,0.550775,0.449225,RH,RH,M
2022-05-26,Gilles Simon,Steve Johnson,0.42881,0.57119,RH,RH,M
2022-05-26,Andrey Rublev,Federico Delbonis,0.61234,0.38766,RH,LH,M
2022-05-27,Diego Schwartzman,Grigor Dimitrov,0.111585,0.888415,RH,RH,M
2022-05-27,Novak Djokovic,Aljaz Bedene,0.5857,0.4143,RH,RH,M
2022-05-28,Andrey Rublev,Cristian Garin,0.538475,0.46152499999999996,RH,RH,M
2022-05-28,Marin Cilic,Gilles Simon,0.550775,0.449225,RH,RH,M
2022-05-29,Novak Djokovic,Diego Schwartzman,0.66367,0.33633,RH,RH,M
2022-05-31,Rafael Nadal,Novak Djokovic,0.503925,0.49607500000000004,LH,RH,M
2022-06-01,Marin Cilic,Andrey Rublev,0.578845,0.42115499999999995,RH,RH,M
2022-06-03,Rafael Nadal,Alexander Zverev,0.337905,0.662095,LH,RH,M
2022-06-07,Sam Querrey,Robin Haase,0.337135,0.662865,RH,RH,M
2022-06-07,Adrian Mannarino,Andreas Seppi,0.4894,0.5105999999999999,LH,RH,M
2022-06-06,Radu Albot,Joao Sousa,0.592625,0.40737500000000004,RH,RH,M
2022-06-09,Nick Kyrgios,Nikoloz Basilashvili,0.501905,0.49809499999999995,RH,RH,M
2022-06-10,Nick Kyrgios,Marton Fucsovics,0.501905,0.49809499999999995,RH,RH,M
2022-06-11,Andy Murray,Nick Kyrgios,0.47384499999999996,0.526155,RH,RH,M
2022-06-13,Nikoloz Basilashvili,Andrey Rublev,0.488945,0.511055,RH,RH,M
2022-06-14,Roberto Bautista Agut,Marton Fucsovics,0.48655000000000004,0.51345,RH,RH,M
2022-06-17,Nick Kyrgios,Pablo Carreno Busta,0.5227649999999999,0.4772350000000001,RH,RH,M
2022-06-14,Sam Querrey,Diego Schwartzman,0.337135,0.662865,RH,RH,M
2022-06-14,Stan Wawrinka,Francis Tiafoe,0.47689,0.52311,RH,RH,M
2022-06-16,Filip Krajinovic,Sam Querrey,0.44521,0.55479,RH,RH,M
2022-06-18,Filip Krajinovic,Marin Cilic,0.44521,0.55479,RH,RH,M
2022-06-20,Roberto Bautista Agut,Taro Daniel,0.481695,0.518305,RH,RH,M
2022-06-22,Roberto Bautista Agut,Nick Kyrgios,0.6943900000000001,0.30560999999999994,RH,RH,M
2022-06-27,Nikoloz Basilashvili,Lukas Rosol,0.488945,0.511055,RH,RH,M
2022-06-27,Dusan Lajovic,Pablo Carreno Busta,0.265395,0.734605,RH,RH,M
2022-06-28,David Goffin,Radu Albot,0.419765,0.5802350000000001,RH,RH,M
2022-06-28,Steve Johnson,Grigor Dimitrov,0.268695,0.731305,RH,RH,M
2022-06-28,Richard Gasquet,Joao Sousa,0.339755,0.660245,RH,RH,M
2022-06-28,Ricardas Berankis,Sam Querrey,0.49609499999999995,0.503905,RH,RH,M
2022-06-28,Cristian Garin,Elias Ymer,0.58196,0.41803999999999997,RH,RH,M
2022-06-28,Diego Schwartzman,Stefan Kozlov,0.45959,0.5404100000000001,RH,RH,M
2022-06-29,Novak Djokovic,Thanasi Kokkinakis,0.5857,0.4143,RH,RH,M
2022-06-29,John Isner,Andy Murray,0.526135,0.473865,RH,RH,M
2022-06-30,Nick Kyrgios,Filip Krajinovic,0.537015,0.462985,RH,RH,M
2022-06-30,Rafael Nadal,Ricardas Berankis,0.54377,0.45623,LH,RH,M
2022-07-02,Jason Kubler,Jack Sock,0.444055,0.555945,RH,RH,M
2022-07-03,David Goffin,Francis Tiafoe,0.419765,0.5802350000000001,RH,RH,M
2022-07-06,Nick Kyrgios,Cristian Garin,0.554645,0.44535499999999995,RH,RH,M
2022-07-08,Nick Kyrgios,Rafael Nadal,0.5852200000000001,0.4147799999999999,RH,LH,M
2022-07-10,Novak Djokovic,Nick Kyrgios,0.59084,0.40915999999999997,RH,RH,M
2022-07-11,Pablo Carreno Busta,Stan Wawrinka,0.44587,0.55413,RH,RH,M
2022-07-13,Diego Schwartzman,Elias Ymer,0.529485,0.470515,RH,RH,M
2022-07-14,Dominic Thiem,Roberto Bautista Agut,0.54204,0.45796000000000003,RH,RH,M
2022-07-15,Pablo Carreno Busta,Diego Schwartzman,0.44587,0.55413,RH,RH,M
2022-07-11,Steve Johnson,Stefan Kozlov,0.268695,0.731305,RH,RH,M
2022-07-11,Jack Sock,Radu Albot,0.747135,0.252865,RH,RH,M
2022-07-12,Andy Murray,Sam Querrey,0.48185500000000003,0.518145,RH,RH,M
2022-07-13,John Isner,Peter Gojowczyk,0.535535,0.464465,RH,RH,M
2022-07-19,Richard Gasquet,Roberto Carballes Baena,0.339755,0.660245,RH,RH,M
2022-07-19,Elias Ymer,Benoit Paire,0.39673,0.60327,RH,RH,M
2022-07-21,Dominic Thiem,Federico Delbonis,0.53858,0.46142000000000005,RH,LH,M
2022-07-19,Fabio Fognini,Aljaz Bedene,0.32212,0.67788,RH,RH,M
2022-07-20,Andrey Rublev,Ricardas Berankis,0.536115,0.463885,RH,RH,M
2022-07-27,Andrej Martin,Thanasi Kokkinakis,0.352305,0.647695,RH,RH,M
2022-07-27,Adrian Mannarino,Peter Gojowczyk,0.505895,0.494105,LH,RH,M
2022-07-27,Francis Tiafoe,Taro Daniel,0.35734,0.64266,RH,RH,M
2022-07-28,Adrian Mannarino,Andrej Martin,0.505895,0.494105,LH,RH,M
2022-08-04,Radu Albot,Jason Kubler,0.555685,0.444315,RH,RH,M
2022-08-04,Steve Johnson,Thanasi Kokkinakis,0.323015,0.676985,RH,RH,M
2022-08-02,Benoit Paire,Peter Gojowczyk,0.36829500000000004,0.631705,RH,RH,M
2022-08-02,Jack Sock,David Goffin,0.747135,0.252865,RH,RH,M
2022-08-03,Nick Kyrgios,Marcos Giron,0.541415,0.458585,RH,RH,M
2022-08-06,Nick Kyrgios,Francis Tiafoe,0.545835,0.45416500000000004,RH,RH,M
2022-08-07,Yoshihito Nishioka,Andrey Rublev,0.24756,0.75244,LH,RH,M
2022-08-07,Nick Kyrgios,Yoshihito Nishioka,0.5852200000000001,0.4147799999999999,RH,LH,M
2022-08-09,Marin Cilic,Borna Coric,0.54522,0.45477999999999996,RH,RH,M
2022-08-09,Roberto Bautista Agut,Marcos Giron,0.49026000000000003,0.50974,RH,RH,M
2022-08-09,Yoshihito Nishioka,Benoit Paire,0.39866,0.60134,LH,RH,M
2022-08-15,Andy Murray,Stan Wawrinka,0.20749,0.79251,RH,RH,M
2022-08-15,Marcos Giron,David Goffin,0.39662,0.60338,RH,RH,M
2022-08-17,Andrey Rublev,Fabio Fognini,0.875405,0.12459500000000001,RH,RH,M
2022-08-17,Roberto Bautista Agut,Marcos Giron,0.49026000000000003,0.50974,RH,RH,M
2022-08-18,Borna Coric,Roberto Bautista Agut,0.480345,0.519655,RH,RH,M
2022-08-23,Fabio Fognini,Dusan Lajovic,0.32212,0.67788,RH,RH,M
2022-08-24,Dominic Thiem,Grigor Dimitrov,0.5328999999999999,0.46710000000000007,RH,RH,M
2022-08-24,Richard Gasquet,Steve Johnson,0.339755,0.660245,RH,RH,M
2022-08-29,Pablo Carreno Busta,Dominic Thiem,0.482375,0.517625,RH,RH,M
2022-08-30,Nick Kyrgios,Thanasi Kokkinakis,0.558705,0.441295,RH,RH,M
2022-08-30,Richard Gasquet,Taro Daniel,0.37692499999999995,0.623075,RH,RH,M
2022-08-30,Grigor Dimitrov,Steve Johnson,0.543385,0.456615,RH,RH,M
2022-08-30,Francis Tiafoe,Marcos Giron,0.35734,0.64266,RH,RH,M
2022-08-31,Diego Schwartzman,Jack Sock,0.45959,0.5404100000000001,RH,RH,M
2022-09-02,Francis Tiafoe,Jason Kubler,0.35734,0.64266,RH,RH,M
2022-09-02,Rafael Nadal,Fabio Fognini,0.544175,0.45582500000000004,LH,RH,M
2022-09-03,Francis Tiafoe,Diego Schwartzman,0.35734,0.64266,RH,RH,M
2022-09-04,Rafael Nadal,Richard Gasquet,0.544175,0.45582500000000004,LH,RH,M
2022-09-07,Francis Tiafoe,Andrey Rublev,0.35734,0.64266,RH,RH,M
2022-09-20,Gilles Simon,David Goffin,0.425435,0.574565,RH,RH,M
2022-09-21,Stan Wawrinka,Joao Sousa,0.485015,0.514985,RH,RH,M
2022-09-21,Dominic Thiem,Richard Gasquet,0.4999,0.5001,RH,RH,M
2022-09-26,Radu Albot,Hiroki Moriya,0.592625,0.40737500000000004,RH,RH,M
2022-09-28,Radu Albot,Steve Johnson,0.592625,0.40737500000000004,RH,RH,M
2022-09-29,Yoshihito Nishioka,Taro Daniel,0.385975,0.614025,LH,RH,M
2022-09-28,Fernando Verdasco,Nikoloz Basilashvili,0.39621,0.60379,LH,RH,M
2022-09-28,Marin Cilic,Dominic Thiem,0.5506,0.4494,RH,RH,M
2022-09-29,Novak Djokovic,Pablo Andujar,0.5929800000000001,0.40701999999999994,RH,RH,M
2022-09-30,Novak Djokovic,Vasek Pospisil,0.5929800000000001,0.40701999999999994,RH,RH,M
2022-10-02,Novak Djokovic,Marin Cilic,0.5929800000000001,0.40701999999999994,RH,RH,M
2022-10-03,Adrian Mannarino,Stan Wawrinka,0.538195,0.461805,LH,RH,M
2022-10-05,Novak Djokovic,Cristian Garin,0.59579,0.40420999999999996,RH,RH,M
2022-10-05,Adrian Mannarino,David Goffin,0.6730849999999999,0.32691500000000007,LH,RH,M
2022-10-07,Andrey Rublev,Adrian Mannarino,0.543525,0.45647499999999996,RH,LH,M
2022-10-04,Borna Coric,Thanasi Kokkinakis,0.519625,0.480375,RH,RH,M
2022-10-10,Dominic Thiem,Joao Sousa,0.50413,0.49587000000000003,RH,RH,M
2022-10-12,Dominic Thiem,Marcos Giron,0.79437,0.20562999999999998,RH,RH,M
2022-10-15,Andrey Rublev,Dominic Thiem,0.5269349999999999,0.47306500000000007,RH,RH,M
2022-10-17,Richard Gasquet,Stan Wawrinka,0.372885,0.627115,RH,RH,M
2022-10-20,David Goffin,Diego Schwartzman,0.506825,0.49317500000000003,RH,RH,M
2022-10-21,Richard Gasquet,David Goffin,0.372885,0.627115,RH,RH,M
2022-10-21,Pablo Carreno Busta,Fabio Fognini,0.50604,0.49395999999999995,RH,RH,M
2022-10-17,Cristian Garin,Jason Kubler,0.513895,0.486105,RH,RH,M
2022-10-20,Francis Tiafoe,Elias Ymer,0.38772,0.6122799999999999,RH,RH,M
2022-10-27,Roberto Bautista Agut,Andy Murray,0.482185,0.517815,RH,RH,M
2022-10-28,Roberto Bautista Agut,Stan Wawrinka,0.482185,0.517815,RH,RH,M
2022-10-24,Andrey Rublev,Diego Schwartzman,0.529535,0.470465,RH,RH,M
2022-10-27,Grigor Dimitrov,Andrey Rublev,0.29616,0.70384,RH,RH,M
2022-10-28,Grigor Dimitrov,Marcos Giron,0.559085,0.44091499999999995,RH,RH,M
2022-10-31,Gilles Simon,Andy Murray,0.468785,0.531215,RH,RH,M
2022-11-01,Andrey Rublev,John Isner,0.45626500000000003,0.543735,RH,RH,M
2022-11-02,Grigor Dimitrov,Fabio Fognini,0.54784,0.45216,RH,RH,M
2022-11-16,Novak Djokovic,Andrey Rublev,0.506275,0.49372499999999997,RH,RH,M
2022-01-03,Ajla Tomljanovic,Heather Watson,0.44322,0.55678,RH,RH,F
2022-01-04,Victoria Azarenka,Paula Badosa,0.575045,0.42495499999999997,RH,RH,F
2022-01-05,Shelby Rogers,Maria Sakkari,0.46926500000000004,0.530735,RH,RH,F
2022-01-06,Ana Konjuh,Kaia Kanepi,0.56875,0.43125,RH,RH,F
2022-01-05,Lin Zhu,Samantha Stosur,0.24123,0.75877,RH,RH,F
2022-01-06,Daria Kasatkina,Madison Keys,0.39844,0.60156,RH,RH,F
2022-01-10,Ana Konjuh,Daria Saville,0.56875,0.43125,RH,RH,F
2022-01-10,Madison Keys,Elina Svitolina,0.425465,0.574535,RH,RH,F
2022-01-12,Ana Konjuh,Marketa Vondrousova,0.40885,0.5911500000000001,RH,LH,F
2022-01-10,Paula Badosa,Jelena Ostapenko,0.608015,0.39198500000000003,RH,RH,F
2022-01-10,Anett Kontaveit,Shuai Zhang,0.524115,0.475885,RH,RH,F
2022-01-11,Caroline Garcia,Jessica Pegula,0.43988000000000005,0.56012,RH,RH,F
2022-01-12,Ons Jabeur,Petra Kvitova,0.375605,0.624395,RH,LH,F
2022-01-12,Paula Badosa,Ajla Tomljanovic,0.495315,0.504685,RH,RH,F
2022-01-13,Belinda Bencic,Oceane Dodin,0.436955,0.563045,RH,RH,F
2022-01-13,Anett Kontaveit,Ons Jabeur,0.53308,0.46692,RH,RH,F
2022-01-13,Paula Badosa,Belinda Bencic,0.643695,0.356305,RH,RH,F
2022-01-13,Daria Kasatkina,Garbine Muguruza,0.39844,0.60156,RH,RH,F
2022-01-14,Paula Badosa,Daria Kasatkina,0.495315,0.504685,RH,RH,F
2022-01-17,Belinda Bencic,Kristina Mladenovic,0.4437,0.5563,RH,RH,F
2022-01-17,Maria Sakkari,Tatjana Maria,0.504735,0.49526499999999996,RH,RH,F
2022-01-17,Sara Sorribes Tormo,Kirsten Flipkens,0.47383,0.52617,RH,RH,F
2022-01-17,Madison Brengle,Dayana Yastremska,0.40364500000000003,0.596355,RH,RH,F
2022-01-17,Ashleigh Barty,Lesia Tsurenko,0.769135,0.230865,RH,RH,F
2022-01-17,Paula Badosa,Ajla Tomljanovic,0.496015,0.503985,RH,RH,F
2022-01-18,Sorana Cirstea,Petra Kvitova,0.668525,0.33147499999999996,RH,LH,F
2022-01-18,Anett Kontaveit,Katerina Siniakova,0.53338,0.46662000000000003,RH,RH,F
2022-01-18,Daria Kasatkina,Stefanie Voegele,0.41591999999999996,0.58408,RH,RH,F
2022-01-18,Simona Halep,Magdalena Frech,0.8284,0.17159999999999997,RH,RH,F
2022-01-18,Ana Konjuh,Shelby Rogers,0.56875,0.43125,RH,RH,F
2022-01-18,Kaia Kanepi,Angelique Kerber,0.371355,0.628645,RH,LH,F
2022-01-19,Qiang Wang,Alison Van Uytvanck,0.4237,0.5763,RH,RH,F
2022-01-20,Alize Cornet,Garbine Muguruza,0.527755,0.472245,RH,RH,F
2022-01-20,Anastasia Pavlyuchenkova,Samantha Stosur,0.50523,0.49477000000000004,RH,RH,F
2022-01-20,Daria Kasatkina,Magda Linette,0.41591999999999996,0.58408,RH,RH,F
2022-01-21,Victoria Azarenka,Elina Svitolina,0.56914,0.43086,RH,RH,F
2022-01-21,Madison Keys,Qiang Wang,0.49626499999999996,0.503735,RH,RH,F
2022-01-21,Ashleigh Barty,Camila Giorgi,0.651365,0.34863500000000003,RH,RH,F
2022-01-22,Simona Halep,Danka Kovinic,0.60354,0.39646000000000003,RH,RH,F
2022-01-22,Sorana Cirstea,Anastasia Pavlyuchenkova,0.478325,0.521675,RH,RH,F
2022-01-23,Madison Keys,Paula Badosa,0.49626499999999996,0.503735,RH,RH,F
2022-01-23,Jessica Pegula,Maria Sakkari,0.5566800000000001,0.44331999999999994,RH,RH,F
2022-01-24,Alize Cornet,Simona Halep,0.50503,0.49497,RH,RH,F
2022-01-25,Ashleigh Barty,Jessica Pegula,0.6496500000000001,0.35034999999999994,RH,RH,F
2022-01-27,Ashleigh Barty,Madison Keys,0.65254,0.34746,RH,RH,F
2022-02-08,Sorana Cirstea,Marketa Vondrousova,0.668525,0.33147499999999996,RH,LH,F
2022-02-08,Anett Kontaveit,Sorana Cirstea,0.5310900000000001,0.46890999999999994,RH,RH,F
2022-02-09,Jelena Ostapenko,Andrea Petkovic,0.5297050000000001,0.4702949999999999,RH,RH,F
2022-02-10,Anett Kontaveit,Belinda Bencic,0.5310900000000001,0.46890999999999994,RH,RH,F
2022-02-11,Anett Kontaveit,Jelena Ostapenko,0.37743499999999996,0.622565,RH,RH,F
2022-02-11,Anett Kontaveit,Maria Sakkari,0.6119,0.3881,RH,RH,F
2022-02-14,Petra Kvitova,Camila Giorgi,0.34196000000000004,0.65804,LH,RH,F
2022-02-15,Ons Jabeur,Vera Zvonareva,0.479815,0.520185,RH,RH,F
2022-02-15,Garbine Muguruza,Katerina Siniakova,0.52542,0.47458,RH,RH,F
2022-02-16,Ons Jabeur,Jessica Pegula,0.479815,0.520185,RH,RH,F
2022-02-17,Jelena Ostapenko,Petra Kvitova,0.819015,0.18098499999999995,RH,LH,F
2022-02-17,Simona Halep,Ons Jabeur,0.52169,0.47831,RH,RH,F
2022-02-17,Marketa Vondrousova,Dayana Yastremska,0.455395,0.544605,LH,RH,F
2022-02-18,Jelena Ostapenko,Simona Halep,0.53483,0.46517,RH,RH,F
2022-02-20,Jessica Pegula,Katerina Siniakova,0.47278,0.52722,RH,RH,F
2022-02-20,Victoria Azarenka,Yulia Putintseva,0.5590900000000001,0.4409099999999999,RH,RH,F
2022-02-21,Jelena Ostapenko,Oceane Dodin,0.54985,0.45015000000000005,RH,RH,F
2022-02-21,Caroline Garcia,Simona Halep,0.361765,0.638235,RH,RH,F
2022-02-21,Daria Kasatkina,Ajla Tomljanovic,0.394725,0.605275,RH,RH,F
2022-02-21,Garbine Muguruza,Sorana Cirstea,0.519695,0.480305,RH,RH,F
2022-02-21,Anett Kontaveit,Ana Konjuh,0.5384450000000001,0.46155499999999994,RH,RH,F
2022-02-22,Madison Brengle,Victoria Azarenka,0.44321,0.55679,RH,RH,F
2022-02-23,Maria Sakkari,Jessica Pegula,0.47068,0.52932,RH,RH,F
2022-02-23,Garbine Muguruza,Madison Brengle,0.519695,0.480305,RH,RH,F
2022-02-24,Anett Kontaveit,Ons Jabeur,0.5402,0.4598,RH,RH,F
2022-02-24,Jelena Ostapenko,Garbine Muguruza,0.54985,0.45015000000000005,RH,RH,F
2022-02-25,Anett Kontaveit,Jelena Ostapenko,0.489105,0.510895,RH,RH,F
2022-02-21,Qiang Wang,Lauren Davis,0.261465,0.7385349999999999,RH,RH,F
2022-02-24,Sara Sorribes Tormo,Magdalena Frech,0.46613,0.5338700000000001,RH,RH,F
2022-02-26,Sloane Stephens,Daria Saville,0.49451500000000004,0.505485,RH,RH,F
2022-03-01,Shuai Zhang,Kristina Mladenovic,0.365935,0.634065,RH,RH,F
2022-03-01,Caroline Garcia,Camila Giorgi,0.46262,0.53738,RH,RH,F
2022-03-02,Sorana Cirstea,Stefanie Voegele,0.4748,0.5252,RH,RH,F
2022-03-04,Shuai Zhang,Vitalia Diatchenko,0.365935,0.634065,RH,RH,F
2022-03-04,Caroline Garcia,Alison Van Uytvanck,0.46262,0.53738,RH,RH,F
2022-03-05,Shuai Zhang,Caroline Garcia,0.365935,0.634065,RH,RH,F
2022-03-05,Dayana Yastremska,Sorana Cirstea,0.302045,0.697955,RH,RH,F
2022-03-06,Shuai Zhang,Dayana Yastremska,0.365935,0.634065,RH,RH,F
2022-03-01,Petra Martic,Madison Keys,0.443175,0.556825,RH,RH,F
2022-03-10,Caroline Garcia,Dayana Yastremska,0.46262,0.53738,RH,RH,F
2022-03-10,Daria Saville,Shuai Zhang,0.26524000000000003,0.73476,RH,RH,F
2022-03-11,Sorana Cirstea,Ajla Tomljanovic,0.4748,0.5252,RH,RH,F
2022-03-12,Kaia Kanepi,Belinda Bencic,0.487335,0.5126649999999999,RH,RH,F
2022-03-12,Madison Keys,Misaki Doi,0.485085,0.514915,RH,LH,F
2022-03-12,Marketa Vondrousova,Magdalena Frech,0.43892,0.56108,LH,RH,F
2022-03-12,Maria Sakkari,Katerina Siniakova,0.733395,0.266605,RH,RH,F
2022-03-12,Daria Saville,Ons Jabeur,0.47574000000000005,0.52426,RH,RH,F
2022-03-12,Shelby Rogers,Jelena Ostapenko,0.46926500000000004,0.530735,RH,RH,F
2022-03-14,Angelique Kerber,Daria Kasatkina,0.520355,0.479645,LH,RH,F
2022-03-14,Maria Sakkari,Petra Kvitova,0.51128,0.48872000000000004,RH,LH,F
2022-03-14,Marketa Vondrousova,Anett Kontaveit,0.49063500000000004,0.509365,LH,RH,F
2022-03-15,Paula Badosa,Sara Sorribes Tormo,0.510615,0.48938499999999996,RH,RH,F
2022-03-15,Simona Halep,Sorana Cirstea,0.59575,0.40425,RH,RH,F
2022-03-15,Maria Sakkari,Daria Saville,0.519155,0.48084499999999997,RH,RH,F
2022-03-16,Simona Halep,Petra Martic,0.59575,0.40425,RH,RH,F
2022-03-19,Maria Sakkari,Paula Badosa,0.379785,0.620215,RH,RH,F
2022-03-24,Ons Jabeur,Magda Linette,0.46704,0.53296,RH,RH,F
2022-03-24,Heather Watson,Elina Svitolina,0.6250899999999999,0.3749100000000001,RH,RH,F
2022-03-24,Kaia Kanepi,Sara Sorribes Tormo,0.487335,0.5126649999999999,RH,RH,F
2022-03-25,Shelby Rogers,Jelena Ostapenko,0.46926500000000004,0.530735,RH,RH,F
2022-03-25,Shuai Zhang,Sorana Cirstea,0.388605,0.611395,RH,RH,F
2022-03-25,Jessica Pegula,Sloane Stephens,0.47278,0.52722,RH,RH,F
2022-03-25,Yulia Putintseva,Lesia Tsurenko,0.49824,0.50176,RH,RH,F
2022-03-26,Daria Saville,Katerina Siniakova,0.4989,0.5011,RH,RH,F
2022-03-26,Belinda Bencic,Heather Watson,0.431535,0.568465,RH,RH,F
2022-03-27,Ons Jabeur,Kaia Kanepi,0.46704,0.53296,RH,RH,F
2022-03-27,Paula Badosa,Yulia Putintseva,0.50423,0.49577000000000004,RH,RH,F
2022-03-27,Petra Kvitova,Lauren Davis,0.5321,0.4679,LH,RH,F
2022-03-29,Belinda Bencic,Daria Saville,0.431535,0.568465,RH,RH,F
2022-03-30,Jessica Pegula,Paula Badosa,0.47278,0.52722,RH,RH,F
2022-04-04,Sara Errani,Stefanie Voegele,0.46448,0.53552,RH,RH,F
2022-04-06,Dayana Yastremska,Sara Errani,0.35426,0.64574,RH,RH,F
2022-04-05,Kaia Kanepi,Shelby Rogers,0.487335,0.5126649999999999,RH,RH,F
2022-04-06,Kaia Kanepi,Magdalena Frech,0.487335,0.5126649999999999,RH,RH,F
2022-04-07,Belinda Bencic,Madison Keys,0.431535,0.568465,RH,RH,F
2022-04-08,Magda Linette,Kaia Kanepi,0.33387500000000003,0.666125,RH,RH,F
2022-04-08,Belinda Bencic,Paula Badosa,0.42692,0.57308,RH,RH,F
2022-04-10,Belinda Bencic,Ons Jabeur,0.44749,0.5525100000000001,RH,RH,F
2022-04-20,Sara Sorribes Tormo,Qiang Wang,0.4884,0.5116,RH,RH,F
2022-04-20,Yulia Putintseva,Magda Linette,0.49824,0.50176,RH,RH,F
2022-04-21,Ajla Tomljanovic,Lesia Tsurenko,0.437135,0.562865,RH,RH,F
2022-04-22,Yulia Putintseva,Ajla Tomljanovic,0.49824,0.50176,RH,RH,F
2022-04-19,Ons Jabeur,Marketa Vondrousova,0.20721499999999998,0.7927850000000001,RH,LH,F
2022-04-20,Anett Kontaveit,Angelique Kerber,0.601885,0.398115,RH,LH,F
2022-04-21,Ons Jabeur,Daria Kasatkina,0.59972,0.40027999999999997,RH,RH,F
2022-04-21,Laura Siegemund,Maria Sakkari,0.413505,0.586495,RH,RH,F
2022-04-22,Paula Badosa,Ons Jabeur,0.54636,0.45364000000000004,RH,RH,F
2022-04-28,Simona Halep,Shuai Zhang,0.599445,0.400555,RH,RH,F
2022-04-28,Yulia Putintseva,Shelby Rogers,0.49824,0.50176,RH,RH,F
2022-04-29,Jessica Pegula,Camila Giorgi,0.366485,0.633515,RH,RH,F
2022-04-29,Maria Sakkari,Madison Keys,0.51867,0.48133000000000004,RH,RH,F
2022-04-29,Katerina Siniakova,Ana Konjuh,0.46099500000000004,0.539005,RH,RH,F
2022-04-29,Garbine Muguruza,Ajla Tomljanovic,0.51466,0.48534,RH,RH,F
2022-04-29,Sara Sorribes Tormo,Anastasia Pavlyuchenkova,0.4884,0.5116,RH,RH,F
2022-04-30,Simona Halep,Paula Badosa,0.6012,0.39880000000000004,RH,RH,F
2022-05-01,Jessica Pegula,Kaia Kanepi,0.46438999999999997,0.53561,RH,RH,F
2022-05-01,Daria Kasatkina,Maria Sakkari,0.38282499999999997,0.617175,RH,RH,F
2022-05-02,Ons Jabeur,Belinda Bencic,0.36717500000000003,0.632825,RH,RH,F
2022-05-03,Sara Sorribes Tormo,Daria Kasatkina,0.49507,0.50493,RH,RH,F
2022-05-04,Ons Jabeur,Simona Halep,0.41029,0.58971,RH,RH,F
2022-05-04,Jessica Pegula,Sara Sorribes Tormo,0.46438999999999997,0.53561,RH,RH,F
2022-05-07,Ons Jabeur,Jessica Pegula,0.48446999999999996,0.51553,RH,RH,F
2022-05-09,Simona Halep,Alize Cornet,0.5070749999999999,0.49292500000000006,RH,RH,F
2022-05-09,Ajla Tomljanovic,Camila Giorgi,0.437135,0.562865,RH,RH,F
2022-05-10,Lauren Davis,Jelena Ostapenko,0.35941,0.64059,RH,RH,F
2022-05-10,Ons Jabeur,Sorana Cirstea,0.487175,0.512825,RH,RH,F
2022-05-11,Petra Martic,Anett Kontaveit,0.39010500000000004,0.609895,RH,RH,F
2022-05-11,Ons Jabeur,Ajla Tomljanovic,0.487175,0.512825,RH,RH,F
2022-05-11,Yulia Putintseva,Garbine Muguruza,0.49824,0.50176,RH,RH,F
2022-05-12,Ons Jabeur,Yulia Putintseva,0.487175,0.512825,RH,RH,F
2022-05-12,Daria Kasatkina,Paula Badosa,0.390725,0.609275,RH,RH,F
2022-05-13,Ons Jabeur,Maria Sakkari,0.487175,0.512825,RH,RH,F
2022-05-14,Ons Jabeur,Daria Kasatkina,0.59972,0.40027999999999997,RH,RH,F
2022-05-16,Oceane Dodin,Ana Konjuh,0.27159500000000003,0.728405,RH,RH,F
2022-05-17,Magda Linette,Heather Watson,0.33387500000000003,0.666125,RH,RH,F
2022-05-19,Angelique Kerber,Magda Linette,0.505605,0.49439500000000003,LH,RH,F
2022-05-20,Angelique Kerber,Oceane Dodin,0.505605,0.49439500000000003,LH,RH,F
2022-05-22,Sorana Cirstea,Tatjana Maria,0.463275,0.536725,RH,RH,F
2022-05-22,Magda Linette,Ons Jabeur,0.33387500000000003,0.666125,RH,RH,F
2022-05-22,Kaia Kanepi,Garbine Muguruza,0.487335,0.5126649999999999,RH,RH,F
2022-05-22,Katerina Siniakova,Petra Martic,0.455995,0.5440050000000001,RH,RH,F
2022-05-23,Andrea Petkovic,Oceane Dodin,0.475015,0.524985,RH,RH,F
2022-05-23,Ajla Tomljanovic,Anett Kontaveit,0.437135,0.562865,RH,RH,F
2022-05-23,Angelique Kerber,Magdalena Frech,0.499495,0.500505,LH,RH,F
2022-05-24,Camila Giorgi,Shuai Zhang,0.507835,0.49216499999999996,RH,RH,F
2022-05-24,Jessica Pegula,Qiang Wang,0.469565,0.530435,RH,RH,F
2022-05-25,Victoria Azarenka,Andrea Petkovic,0.553515,0.446485,RH,RH,F
2022-05-25,Sloane Stephens,Sorana Cirstea,0.480695,0.519305,RH,RH,F
2022-05-26,Madison Keys,Caroline Garcia,0.45955999999999997,0.54044,RH,RH,F
2022-05-26,Camila Giorgi,Yulia Putintseva,0.507835,0.49216499999999996,RH,RH,F
2022-05-26,Alize Cornet,Jelena Ostapenko,0.4515,0.5485,RH,RH,F
2022-05-28,Daria Kasatkina,Shelby Rogers,0.40023,0.59977,RH,RH,F
2022-05-30,Daria Kasatkina,Camila Giorgi,0.40023,0.59977,RH,RH,F
2022-06-07,Belinda Bencic,Madison Brengle,0.47812499999999997,0.5218750000000001,RH,RH,F
2022-06-07,Shelby Rogers,Vitalia Diatchenko,0.46926500000000004,0.530735,RH,RH,F
2022-06-10,Shelby Rogers,Kirsten Flipkens,0.46926500000000004,0.530735,RH,RH,F
2022-06-08,Caroline Garcia,Lauren Davis,0.46262,0.53738,RH,RH,F
2022-06-14,Andrea Petkovic,Garbine Muguruza,0.475015,0.524985,RH,RH,F
2022-06-15,Maria Sakkari,Daria Saville,0.511745,0.488255,RH,RH,F
2022-06-17,Maria Sakkari,Daria Kasatkina,0.511745,0.488255,RH,RH,F
2022-06-18,Belinda Bencic,Maria Sakkari,0.47812499999999997,0.5218750000000001,RH,RH,F
2022-06-19,Ons Jabeur,Belinda Bencic,0.36717500000000003,0.632825,RH,RH,F
2022-06-13,Aleksandra Krunic,Petra Martic,0.45552499999999996,0.544475,RH,RH,F
2022-06-13,Donna Vekic,Coco Vandeweghe,0.413995,0.586005,RH,RH,F
2022-06-13,Simona Halep,Lesia Tsurenko,0.59548,0.40452,RH,RH,F
2022-06-14,Sorana Cirstea,Shelby Rogers,0.463275,0.536725,RH,RH,F
2022-06-14,Dayana Yastremska,Magda Linette,0.378635,0.621365,RH,RH,F
2022-06-15,Sorana Cirstea,Aleksandra Krunic,0.463275,0.536725,RH,RH,F
2022-06-16,Camila Giorgi,Lauren Davis,0.5289550000000001,0.47104499999999994,RH,RH,F
2022-06-16,Dayana Yastremska,Jelena Ostapenko,0.378635,0.621365,RH,RH,F
2022-06-17,Sorana Cirstea,Donna Vekic,0.463275,0.536725,RH,RH,F
2022-06-17,Shuai Zhang,Dayana Yastremska,0.509595,0.490405,RH,RH,F
2022-06-19,Shuai Zhang,Sorana Cirstea,0.35098,0.6490199999999999,RH,RH,F
2022-06-19,Daria Kasatkina,Andrea Petkovic,0.39794,0.60206,RH,RH,F
2022-06-21,Simona Halep,Katerina Siniakova,0.600975,0.39902499999999996,RH,RH,F
2022-06-22,Alize Cornet,Tatjana Maria,0.4515,0.5485,RH,RH,F
2022-06-23,Caroline Garcia,Sabine Lisicki,0.46262,0.53738,RH,RH,F
2022-06-24,Caroline Garcia,Alize Cornet,0.46262,0.53738,RH,RH,F
2022-06-19,Magda Linette,Danka Kovinic,0.420235,0.579765,RH,RH,F
2022-06-20,Donna Vekic,Dayana Yastremska,0.413995,0.586005,RH,RH,F
2022-06-20,Ajla Tomljanovic,Aleksandra Krunic,0.437135,0.562865,RH,RH,F
2022-06-20,Garbine Muguruza,Magdalena Frech,0.51466,0.48534,RH,RH,F
2022-06-20,Yulia Putintseva,Sara Sorribes Tormo,0.526675,0.473325,RH,RH,F
2022-06-21,Madison Keys,Lauren Davis,0.45955999999999997,0.54044,RH,RH,F
2022-06-21,Jelena Ostapenko,Ajla Tomljanovic,0.43015000000000003,0.56985,RH,RH,F
2022-06-21,Petra Kvitova,Donna Vekic,0.5203599999999999,0.47964000000000007,LH,RH,F
2022-06-22,Camila Giorgi,Garbine Muguruza,0.5289550000000001,0.47104499999999994,RH,RH,F
2022-06-22,Lesia Tsurenko,Magda Linette,0.13961,0.86039,RH,RH,F
2022-06-22,Jelena Ostapenko,Madison Keys,0.53677,0.46323000000000003,RH,RH,F
2022-06-24,Jelena Ostapenko,Camila Giorgi,0.53677,0.46323000000000003,RH,RH,F
2022-06-25,Petra Kvitova,Jelena Ostapenko,0.5203599999999999,0.47964000000000007,LH,RH,F
2022-06-27,Sorana Cirstea,Aleksandra Krunic,0.463275,0.536725,RH,RH,F
2022-06-27,Angelique Kerber,Kristina Mladenovic,0.49972,0.5002800000000001,LH,RH,F
2022-06-28,Alize Cornet,Yulia Putintseva,0.4515,0.5485,RH,RH,F
2022-06-28,Jelena Ostapenko,Oceane Dodin,0.53677,0.46323000000000003,RH,RH,F
2022-06-28,Lauren Davis,Madison Brengle,0.35941,0.64059,RH,RH,F
2022-06-28,Qiang Wang,Belinda Bencic,0.261465,0.7385349999999999,RH,RH,F
2022-06-28,Paula Badosa,Louisa Chirico,0.5009,0.4991,RH,RH,F
2022-06-28,Sara Sorribes Tormo,Christina Mchale,0.49460000000000004,0.5054,RH,RH,F
2022-06-28,Magdalena Frech,Camila Giorgi,0.48326,0.51674,RH,RH,F
2022-06-28,Petra Martic,Shelby Rogers,0.39596,0.60404,RH,RH,F
2022-06-29,Jessica Pegula,Donna Vekic,0.46134,0.53866,RH,RH,F
2022-06-29,Tatjana Maria,Sorana Cirstea,0.57809,0.42191,RH,RH,F
2022-06-29,Jelena Ostapenko,Yanina Wickmayer,0.53677,0.46323000000000003,RH,RH,F
2022-06-29,Angelique Kerber,Magda Linette,0.49972,0.5002800000000001,LH,RH,F
2022-06-30,Heather Watson,Qiang Wang,0.676905,0.323095,RH,RH,F
2022-06-30,Simona Halep,Kirsten Flipkens,0.608285,0.39171500000000004,RH,RH,F
2022-07-01,Tatjana Maria,Maria Sakkari,0.5495000000000001,0.4504999999999999,RH,RH,F
2022-07-01,Caroline Garcia,Shuai Zhang,0.50816,0.49184000000000005,RH,RH,F
2022-07-02,Simona Halep,Magdalena Frech,0.7593449999999999,0.24065500000000006,RH,RH,F
2022-07-02,Paula Badosa,Petra Kvitova,0.580955,0.419045,RH,LH,F
2022-07-02,Petra Martic,Jessica Pegula,0.58782,0.41218,RH,RH,F
2022-07-03,Tatjana Maria,Jelena Ostapenko,0.5495000000000001,0.4504999999999999,RH,RH,F
2022-07-04,Ajla Tomljanovic,Alize Cornet,0.437135,0.562865,RH,RH,F
2022-07-04,Simona Halep,Paula Badosa,0.78328,0.21672000000000002,RH,RH,F
2022-07-07,Ons Jabeur,Tatjana Maria,0.51779,0.48221,RH,RH,F
2022-07-11,Kateryna Baindl,Timea Babos,0.38278,0.61722,RH,RH,F
2022-07-12,Aleksandra Krunic,Laura Siegemund,0.45552499999999996,0.544475,RH,RH,F
2022-07-14,Aleksandra Krunic,Shuai Zhang,0.45552499999999996,0.544475,RH,RH,F
2022-07-15,Yulia Putintseva,Lesia Tsurenko,0.526675,0.473325,RH,RH,F
2022-07-16,Aleksandra Krunic,Yulia Putintseva,0.45552499999999996,0.544475,RH,RH,F
2022-07-11,Sara Sorribes Tormo,Lauren Davis,0.487955,0.512045,RH,RH,F
2022-07-15,Caroline Garcia,Sara Sorribes Tormo,0.50816,0.49184000000000005,RH,RH,F
2022-07-15,Petra Martic,Belinda Bencic,0.38622999999999996,0.61377,RH,RH,F
2022-07-16,Petra Martic,Caroline Garcia,0.38622999999999996,0.61377,RH,RH,F
2022-07-17,Katerina Siniakova,Daria Kasatkina,0.45504500000000003,0.544955,RH,RH,F
2022-07-19,Aleksandra Krunic,Sabine Lisicki,0.45552499999999996,0.544475,RH,RH,F
2022-07-21,Anett Kontaveit,Andrea Petkovic,0.53233,0.46767000000000003,RH,RH,F
2022-07-25,Lin Zhu,Vitalia Diatchenko,0.04122,0.95878,RH,RH,F
2022-07-29,Qiang Wang,Magda Linette,0.261465,0.7385349999999999,RH,RH,F
2022-07-28,Kateryna Baindl,Sara Errani,0.38278,0.61722,RH,RH,F
2022-07-29,Kateryna Baindl,Petra Martic,0.38278,0.61722,RH,RH,F
2022-08-02,Madison Keys,Shuai Zhang,0.45955999999999997,0.54044,RH,RH,F
2022-08-03,Daria Kasatkina,Taylor Townsend,0.618775,0.38122500000000004,RH,LH,F
2022-08-04,Ons Jabeur,Madison Keys,0.523205,0.47679499999999997,RH,RH,F
2022-08-05,Shelby Rogers,Maria Sakkari,0.4796,0.5204,RH,RH,F
2022-08-07,Daria Kasatkina,Paula Badosa,0.406885,0.5931150000000001,RH,RH,F
2022-08-08,Daria Kasatkina,Shelby Rogers,0.406885,0.5931150000000001,RH,RH,F
2022-08-02,Ajla Tomljanovic,Sloane Stephens,0.420255,0.579745,RH,RH,F
2022-08-02,Victoria Azarenka,Dayana Yastremska,0.553515,0.446485,RH,RH,F
2022-08-03,Daria Saville,Jessica Pegula,0.50431,0.49568999999999996,RH,RH,F
2022-08-04,Kaia Kanepi,Lin Zhu,0.487335,0.5126649999999999,RH,RH,F
2022-08-06,Kaia Kanepi,Daria Saville,0.487335,0.5126649999999999,RH,RH,F
2022-08-08,Simona Halep,Donna Vekic,0.6110450000000001,0.38895499999999994,RH,RH,F
2022-08-08,Alize Cornet,Caroline Garcia,0.469325,0.530675,RH,RH,F
2022-08-10,Maria Sakkari,Sloane Stephens,0.511745,0.488255,RH,RH,F
2022-08-10,Simona Halep,Shuai Zhang,0.73598,0.26402000000000003,RH,RH,F
2022-08-10,Yulia Putintseva,Paula Badosa,0.526675,0.473325,RH,RH,F
2022-08-10,Garbine Muguruza,Kaia Kanepi,0.51466,0.48534,RH,RH,F
2022-08-11,Belinda Bencic,Serena Williams,0.471685,0.528315,RH,RH,F
2022-08-11,Jessica Pegula,Camila Giorgi,0.366485,0.633515,RH,RH,F
2022-08-12,Belinda Bencic,Garbine Muguruza,0.471685,0.528315,RH,RH,F
2022-08-12,Jessica Pegula,Yulia Putintseva,0.46134,0.53866,RH,RH,F
2022-08-13,Simona Halep,Jessica Pegula,0.616795,0.383205,RH,RH,F
2022-08-16,Victoria Azarenka,Kaia Kanepi,0.553515,0.446485,RH,RH,F
2022-08-16,Ajla Tomljanovic,Taylor Townsend,0.33358,0.66642,RH,LH,F
2022-08-16,Caroline Garcia,Petra Martic,0.5293749999999999,0.47062500000000007,RH,RH,F
2022-08-16,Sloane Stephens,Alize Cornet,0.469815,0.530185,RH,RH,F
2022-08-16,Sorana Cirstea,Belinda Bencic,0.465075,0.534925,RH,RH,F
2022-08-17,Madison Keys,Yulia Putintseva,0.45955999999999997,0.54044,RH,RH,F
2022-08-17,Caroline Garcia,Maria Sakkari,0.5293749999999999,0.47062500000000007,RH,RH,F
2022-08-17,Petra Kvitova,Sorana Cirstea,0.52675,0.47324999999999995,LH,RH,F
2022-08-17,Madison Keys,Jelena Ostapenko,0.45955999999999997,0.54044,RH,RH,F
2022-08-18,Ajla Tomljanovic,Paula Badosa,0.420255,0.579745,RH,RH,F
2022-08-18,Petra Kvitova,Ons Jabeur,0.792775,0.207225,LH,RH,F
2022-08-18,Shuai Zhang,Anett Kontaveit,0.34757499999999997,0.652425,RH,RH,F
2022-08-19,Petra Kvitova,Ajla Tomljanovic,0.52675,0.47324999999999995,LH,RH,F
2022-08-20,Caroline Garcia,Jessica Pegula,0.54341,0.45659000000000005,RH,RH,F
2022-08-20,Petra Kvitova,Madison Keys,0.514915,0.485085,LH,RH,F
2022-08-22,Magda Linette,Yulia Putintseva,0.420235,0.579765,RH,RH,F
2022-08-22,Alize Cornet,Dayana Yastremska,0.46260999999999997,0.53739,RH,RH,F
2022-08-22,Shuai Zhang,Katerina Siniakova,0.35428000000000004,0.64572,RH,RH,F
2022-08-24,Magda Linette,Sorana Cirstea,0.420235,0.579765,RH,RH,F
2022-08-25,Alize Cornet,Shuai Zhang,0.46260999999999997,0.53739,RH,RH,F
2022-08-21,Magdalena Frech,Danka Kovinic,0.461455,0.538545,RH,RH,F
2022-08-24,Daria Kasatkina,Magdalena Frech,0.42106,0.57894,RH,RH,F
2022-08-27,Daria Kasatkina,Daria Saville,0.42106,0.57894,RH,RH,F
2022-08-29,Maria Sakkari,Tatjana Maria,0.506455,0.493545,RH,RH,F
2022-08-29,Madison Keys,Dayana Yastremska,0.47940499999999997,0.520595,RH,RH,F
2022-08-29,Ons Jabeur,Madison Brengle,0.52702,0.47297999999999996,RH,RH,F
2022-08-30,Serena Williams,Danka Kovinic,0.5622450000000001,0.4377549999999999,RH,RH,F
2022-08-30,Sorana Cirstea,Laura Siegemund,0.465075,0.534925,RH,RH,F
2022-08-30,Paula Badosa,Lesia Tsurenko,0.494465,0.5055350000000001,RH,RH,F
2022-08-30,Belinda Bencic,Andrea Petkovic,0.471685,0.528315,RH,RH,F
2022-08-30,Alison Van Uytvanck,Venus Williams,0.45248,0.54752,RH,RH,F
2022-08-31,Katerina Siniakova,Taylor Townsend,0.42825,0.57175,RH,LH,F
2022-08-31,Madison Keys,Camila Giorgi,0.47940499999999997,0.520595,RH,RH,F
2022-09-01,Ajla Tomljanovic,Evgeniya Rodina,0.420255,0.579745,RH,RH,F
2022-09-01,Serena Williams,Anett Kontaveit,0.5754349999999999,0.4245650000000001,RH,RH,F
2022-09-01,Belinda Bencic,Sorana Cirstea,0.48208,0.5179199999999999,RH,RH,F
2022-09-01,Petra Martic,Paula Badosa,0.485605,0.5143949999999999,RH,RH,F
2022-09-01,Alize Cornet,Katerina Siniakova,0.47606000000000004,0.52394,RH,RH,F
2022-09-02,Ons Jabeur,Shelby Rogers,0.52954,0.47046,RH,RH,F
2022-09-03,Ajla Tomljanovic,Serena Williams,0.420255,0.579745,RH,RH,F
2022-09-03,Petra Kvitova,Garbine Muguruza,0.7682450000000001,0.23175499999999993,LH,RH,F
2022-09-03,Victoria Azarenka,Petra Martic,0.52864,0.47136,RH,RH,F
2022-09-05,Jessica Pegula,Petra Kvitova,0.431435,0.568565,RH,LH,F
2022-09-06,Ons Jabeur,Ajla Tomljanovic,0.530385,0.469615,RH,RH,F
2022-09-09,Ons Jabeur,Caroline Garcia,0.5318849999999999,0.46811500000000006,RH,RH,F
2022-09-12,Qiang Wang,Yanina Wickmayer,0.261465,0.7385349999999999,RH,RH,F
2022-09-20,Tatjana Maria,Eugenie Bouchard,0.526885,0.47311499999999995,RH,RH,F
2022-09-22,Magda Linette,Kristina Mladenovic,0.44628,0.55372,RH,RH,F
2022-09-23,Tatjana Maria,Lin Zhu,0.526885,0.47311499999999995,RH,RH,F
2022-09-21,Shuai Zhang,Caroline Garcia,0.35428000000000004,0.64572,RH,RH,F
2022-09-23,Shuai Zhang,Petra Martic,0.35428000000000004,0.64572,RH,RH,F
2022-09-26,Sloane Stephens,Magdalena Frech,0.45138999999999996,0.54861,RH,RH,F
2022-09-26,Maria Sakkari,Kateryna Baindl,0.5096350000000001,0.49036499999999994,RH,RH,F
2022-09-26,Lauren Davis,Sara Errani,0.361185,0.638815,RH,RH,F
2022-09-27,Danka Kovinic,Oceane Dodin,0.36695,0.63305,RH,RH,F
2022-09-28,Danka Kovinic,Sloane Stephens,0.36695,0.63305,RH,RH,F
2022-09-28,Lauren Davis,Sara Sorribes Tormo,0.361185,0.638815,RH,RH,F
2022-10-01,Maria Sakkari,Danka Kovinic,0.5096350000000001,0.49036499999999994,RH,RH,F
2022-09-28,Kaia Kanepi,Jelena Ostapenko,0.48545499999999997,0.514545,RH,RH,F
2022-09-29,Donna Vekic,Shuai Zhang,0.38685499999999995,0.613145,RH,RH,F
2022-09-30,Belinda Bencic,Donna Vekic,0.48208,0.5179199999999999,RH,RH,F
2022-10-01,Anett Kontaveit,Kaia Kanepi,0.532135,0.467865,RH,RH,F
2022-10-06,Ons Jabeur,Evgeniya Rodina,0.533315,0.466685,RH,RH,F
2022-10-03,Ajla Tomljanovic,Shuai Zhang,0.431175,0.568825,RH,RH,F
2022-10-04,Belinda Bencic,Eugenie Bouchard,0.48208,0.5179199999999999,RH,RH,F
2022-10-05,Petra Kvitova,Paula Badosa,0.434625,0.565375,LH,RH,F
2022-10-11,Donna Vekic,Maria Sakkari,0.393065,0.606935,RH,RH,F
2022-10-13,Jessica Pegula,Coco Vandeweghe,0.46484000000000003,0.53516,RH,RH,F
2022-10-14,Madison Keys,Daria Kasatkina,0.47940499999999997,0.520595,RH,RH,F
2022-10-14,Paula Badosa,Louisa Chirico,0.49773999999999996,0.50226,RH,RH,F
2022-10-14,Jessica Pegula,Madison Keys,0.46484000000000003,0.53516,RH,RH,F
2022-10-17,Lin Zhu,Alize Cornet,0.21406999999999998,0.78593,RH,RH,F
2022-10-18,Magdalena Frech,Yulia Putintseva,0.509525,0.490475,RH,RH,F
2022-10-18,Jelena Ostapenko,Lauren Davis,0.5170049999999999,0.48299500000000006,RH,RH,F
2022-10-18,Madison Keys,Magda Linette,0.47940499999999997,0.520595,RH,RH,F
2022-10-19,Daria Kasatkina,Lin Zhu,0.43137000000000003,0.56863,RH,RH,F
2022-10-19,Jelena Ostapenko,Eugenie Bouchard,0.5170049999999999,0.48299500000000006,RH,RH,F
2022-10-20,Sloane Stephens,Belinda Bencic,0.455965,0.544035,RH,RH,F
2022-10-20,Madison Keys,Ajla Tomljanovic,0.47940499999999997,0.520595,RH,RH,F
2022-10-20,Victoria Azarenka,Paula Badosa,0.61829,0.38171,RH,RH,F
2022-10-20,Victoria Azarenka,Madison Keys,0.474865,0.525135,RH,RH,F
2022-10-20,Sloane Stephens,Caroline Garcia,0.455965,0.544035,RH,RH,F
2022-10-21,Jessica Pegula,Sloane Stephens,0.46484000000000003,0.53516,RH,RH,F
2022-10-22,Jessica Pegula,Victoria Azarenka,0.582245,0.417755,RH,RH,F
2022-10-24,Jessica Pegula,Maria Sakkari,0.5566800000000001,0.44331999999999994,RH,RH,F
2022-10-31,Maria Sakkari,Jessica Pegula,0.38609000000000004,0.61391,RH,RH,F
2022-11-02,Jessica Pegula,Ons Jabeur,0.470375,0.529625,RH,RH,F
2022-11-05,Ons Jabeur,Maria Sakkari,0.524815,0.47518499999999997,RH,RH,F
2022-11-05,Daria Kasatkina,Caroline Garcia,0.42521,0.57479,RH,RH,F
2022-11-06,Caroline Garcia,Maria Sakkari,0.662335,0.337665,RH,RH,F
